lr,loss_train,accuracy_validation
0.0001,6.959677696228027,62.74
0.0001,6.019049644470215,62.74
0.0001,5.759865760803223,62.74
0.0001,5.191408157348633,62.74
0.0001,5.019956588745117,62.74
0.0001,4.617868900299072,62.74
0.0001,4.5533905029296875,62.74
0.0001,3.605438232421875,62.74
0.0001,4.41716194152832,62.74
0.0001,3.9799458980560303,62.74
0.0001,3.7669734954833984,62.74
0.0001,3.879502296447754,62.74
0.0001,3.6960620880126953,62.74
0.0001,4.117138862609863,62.74
0.0001,4.6891770362854,62.74
0.0001,3.6638259887695312,62.74
0.0001,3.7971765995025635,62.74
0.0001,3.934385061264038,62.74
0.0001,3.683999538421631,62.74
0.0001,4.326090335845947,62.74
0.0001,3.0434815883636475,62.74
0.0001,3.4603450298309326,62.74
0.0001,3.617567539215088,62.74
0.0001,3.0844483375549316,62.74
0.0001,3.4559834003448486,62.74
0.0001,3.5936450958251953,62.74
0.0001,3.2225937843322754,62.74
0.0001,2.7792863845825195,62.74
0.0001,3.3717501163482666,62.74
0.0001,3.486302375793457,62.74
0.0001,3.3386106491088867,62.74
0.0001,3.3549580574035645,62.74
0.0001,3.462360382080078,62.74
0.0001,3.3468289375305176,62.74
0.0001,3.0750505924224854,62.74
0.0001,3.21490740776062,62.74
0.0001,3.297008991241455,62.74
0.0001,2.8901543617248535,62.74
0.0001,2.8740289211273193,62.74
0.0001,3.436755895614624,62.74
0.0001,3.1415140628814697,62.74
0.0001,3.1348512172698975,62.74
0.0001,3.4553158283233643,62.74
0.0001,3.0464248657226562,62.74
0.0001,2.919459104537964,62.74
0.0001,2.5639402866363525,62.74
0.0001,2.677459955215454,62.74
0.0001,2.7386438846588135,62.74
0.0001,2.494062662124634,62.74
0.0001,3.298219919204712,62.74
0.0001,3.11833119392395,62.74
0.0001,2.806912660598755,62.74
0.0001,3.062680244445801,62.74
0.0001,2.654146432876587,62.74
0.0001,2.7498998641967773,62.74
0.0001,3.1164863109588623,62.74
0.0001,2.589857339859009,62.74
0.0001,2.4718542098999023,62.74
0.0001,3.15963077545166,62.74
0.0001,2.5255353450775146,62.74
0.0001,2.6588401794433594,62.74
0.0001,2.4855713844299316,62.74
0.0001,2.6159439086914062,62.74
0.0001,3.0283899307250977,62.74
0.0001,2.8608083724975586,62.74
0.0001,2.454233407974243,62.74
0.0001,2.4697306156158447,62.74
0.0001,2.8589017391204834,62.74
0.0001,3.0755910873413086,62.74
0.0001,2.3193490505218506,62.74
0.0001,2.372373342514038,62.74
0.0001,2.5334181785583496,62.74
0.0001,3.0265607833862305,62.74
0.0001,3.0492405891418457,62.74
0.0001,2.5957388877868652,62.74
0.0001,2.2918801307678223,62.74
0.0001,3.070049524307251,62.74
0.0001,2.387188673019409,62.74
0.0001,2.789064407348633,62.74
0.0001,2.5907645225524902,62.74
0.0001,3.3186638355255127,62.74
0.0001,2.333608388900757,62.74
0.0001,2.690610408782959,62.74
0.0001,2.236319065093994,62.74
0.0001,2.6587820053100586,62.74
0.0001,2.4894886016845703,62.74
0.0001,2.619771957397461,62.74
0.0001,2.362955331802368,62.74
0.0001,1.9435954093933105,62.74
0.0001,2.648399591445923,62.74
0.0001,2.47355318069458,62.74
0.0001,2.67753529548645,62.74
0.0001,2.4128494262695312,62.74
0.0001,2.265472173690796,62.74
0.0001,1.9110429286956787,62.74
0.0001,2.0336239337921143,62.74
0.0001,2.4454662799835205,62.74
0.0001,2.7519900798797607,62.74
0.0001,2.5036532878875732,62.74
0.0001,1.9443696737289429,62.74
0.0001,2.0927116870880127,62.74
0.0001,2.432096242904663,62.74
0.0001,1.9197235107421875,62.74
0.0001,2.7111854553222656,62.74
0.0001,2.5909860134124756,62.74
0.0001,2.7517735958099365,62.74
0.0001,2.846414566040039,62.74
0.0001,2.099414825439453,62.74
0.0001,2.0248701572418213,62.74
0.0001,2.5221900939941406,62.74
0.0001,2.199049949645996,62.74
0.0001,2.1177074909210205,62.74
0.0001,2.2755887508392334,62.74
0.0001,1.8426412343978882,62.74
0.0001,2.670314073562622,62.74
0.0001,2.093196153640747,62.74
0.0001,2.374629497528076,62.74
0.0001,2.5439417362213135,62.74
0.0001,2.6483612060546875,62.74
0.0001,2.2360832691192627,62.74
0.0001,1.9413578510284424,62.74
0.0001,2.0556704998016357,62.74
0.0001,2.2076492309570312,62.74
0.0001,1.9598075151443481,62.74
0.0001,2.048548460006714,62.74
0.0001,1.7103885412216187,62.74
0.0001,2.130964517593384,62.74
0.0001,2.1472954750061035,62.74
0.0001,2.4999659061431885,62.74
0.0001,1.9524000883102417,62.74
0.0001,2.338047504425049,62.74
0.0001,2.2459664344787598,62.74
0.0001,1.9360994100570679,62.74
0.0001,1.9201316833496094,62.74
0.0001,2.1881465911865234,62.74
0.0001,1.9730063676834106,62.74
0.0001,2.1383116245269775,62.74
0.0001,1.8423982858657837,62.74
0.0001,1.9731992483139038,62.74
0.0001,2.6423416137695312,62.74
0.0001,1.9670573472976685,62.74
0.0001,2.160433530807495,62.74
0.0001,2.1388931274414062,62.74
0.0001,2.0641496181488037,62.74
0.0001,1.9006503820419312,62.74
0.0001,1.8217476606369019,62.74
0.0001,2.3825690746307373,62.74
0.0001,2.053318738937378,62.74
0.0001,1.887725591659546,62.74
0.0001,1.878566026687622,62.74
0.0001,1.811907172203064,62.74
0.0001,1.9182820320129395,62.74
0.0001,1.7657994031906128,62.74
0.0001,1.7059720754623413,62.74
0.0001,1.6051424741744995,62.74
0.0001,1.8647654056549072,62.74
0.0001,1.7053685188293457,62.74
0.0001,1.5603456497192383,62.74
0.0001,1.6347887516021729,62.74
0.0001,2.207395315170288,62.74
0.0001,2.2260518074035645,62.74
0.0001,1.793737769126892,62.74
0.0001,1.7903965711593628,62.74
0.0001,1.5642576217651367,62.74
0.0001,1.894566297531128,62.74
0.0001,2.240773916244507,62.74
0.0001,2.0563228130340576,62.74
0.0001,2.108358383178711,62.74
0.0001,1.9146559238433838,62.74
0.0001,1.7107495069503784,62.74
0.0001,2.1940343379974365,62.74
0.0001,2.200101852416992,62.74
0.0001,2.0692055225372314,62.74
0.0001,1.9915478229522705,62.74
0.0001,2.3888893127441406,62.74
0.0001,1.663568377494812,62.74
0.0001,2.245889902114868,62.74
0.0001,2.1321778297424316,62.74
0.0001,2.115314245223999,62.74
0.0001,1.7102839946746826,62.74
0.0001,2.034677028656006,62.74
0.0001,2.2999207973480225,62.74
0.0001,1.5514962673187256,62.74
0.0001,2.0672945976257324,62.74
0.0001,1.8217555284500122,62.74
0.0001,1.937963843345642,62.74
0.0001,1.7585363388061523,62.74
0.0001,2.0206971168518066,62.74
0.0001,1.884211778640747,62.74
0.0001,1.6293423175811768,62.74
0.0001,1.8158462047576904,62.74
0.0001,2.00313401222229,62.74
0.0001,1.4709200859069824,62.74
0.0001,1.6490572690963745,62.74
0.0001,1.9885153770446777,62.74
0.0001,2.0527710914611816,62.74
0.0001,1.8133636713027954,62.74
0.0001,1.5888755321502686,62.74
0.0001,1.9749782085418701,62.74
0.0001,2.152024269104004,62.74
0.0001,1.9359769821166992,62.74
0.0001,1.7812730073928833,62.74
0.0001,1.9463975429534912,62.74
0.0001,2.028649091720581,62.74
0.0001,2.0651752948760986,62.74
0.0001,2.0846352577209473,62.74
0.0001,1.1266684532165527,62.74
0.0001,1.6734724044799805,62.74
0.0001,1.9134838581085205,62.74
0.0001,1.5749162435531616,62.74
0.0001,1.975053071975708,62.74
0.0001,1.5208898782730103,62.74
0.0001,1.7007228136062622,62.74
0.0001,1.4697728157043457,62.74
0.0001,1.7010160684585571,62.74
0.0001,1.5636093616485596,62.74
0.0001,1.5066584348678589,62.74
0.0001,1.7502453327178955,62.74
0.0001,1.7029414176940918,62.74
0.0001,1.4899680614471436,62.74
0.0001,1.534192442893982,62.74
0.0001,1.6648494005203247,62.74
0.0001,1.573915958404541,62.74
0.0001,1.658046841621399,62.74
0.0001,1.6191741228103638,62.74
0.0001,1.8133472204208374,62.74
0.0001,1.63920259475708,62.74
0.0001,1.2983300685882568,62.74
0.0001,1.6043413877487183,62.74
0.0001,1.704988956451416,62.74
0.0001,1.812597393989563,62.74
0.0001,1.541351079940796,62.74
0.0001,1.669805645942688,62.74
0.0001,1.882011890411377,62.74
0.0001,1.6344571113586426,62.74
0.0001,1.9354668855667114,62.74
0.0001,1.7311409711837769,62.74
0.0001,1.4934369325637817,62.74
0.0001,1.6382139921188354,62.74
0.0001,1.7253843545913696,62.74
0.0001,1.7119033336639404,62.74
0.0001,1.8080193996429443,62.74
0.0001,1.5582557916641235,62.74
0.0001,1.8443634510040283,62.74
0.0001,1.9618186950683594,62.74
0.0001,1.3952314853668213,62.74
0.0001,1.6454576253890991,62.74
0.0001,1.7153184413909912,62.74
0.0001,1.819149374961853,62.74
0.0001,2.0245766639709473,62.74
0.0001,1.4851807355880737,62.74
0.0001,1.692152738571167,62.74
0.0001,1.3204578161239624,62.74
0.0001,1.6530662775039673,62.74
0.0001,1.4901669025421143,62.74
0.0001,1.2959785461425781,62.74
0.0001,1.3826544284820557,62.74
0.0001,1.7157747745513916,62.74
0.0001,1.4061834812164307,62.74
0.0001,1.515032410621643,62.74
0.0001,1.8951427936553955,62.74
0.0001,1.575616717338562,62.74
0.0001,1.7871614694595337,62.74
0.0001,1.6959224939346313,62.74
0.0001,1.8904021978378296,62.74
0.0001,1.722537875175476,62.74
0.0001,1.471125841140747,62.74
0.0001,1.4968851804733276,62.74
0.0001,1.622063398361206,62.74
0.0001,1.3944988250732422,62.74
0.0001,1.4344515800476074,62.74
0.0001,1.5605897903442383,62.74
0.0001,2.1077194213867188,62.74
0.0001,1.6489413976669312,62.74
0.0001,1.2691305875778198,62.74
0.0001,1.3063422441482544,62.74
0.0001,1.676772952079773,62.74
0.0001,1.6828597784042358,62.74
0.0001,1.5905449390411377,62.74
0.0001,1.4621875286102295,62.74
0.0001,1.6341177225112915,62.74
0.0001,1.1075940132141113,62.74
0.0001,1.678371787071228,62.74
0.0001,1.7066140174865723,62.74
0.0001,1.699131727218628,62.74
0.0001,1.299479603767395,62.74
0.0001,1.6519793272018433,62.74
0.0001,1.7472723722457886,62.74
0.0001,1.6151973009109497,62.74
0.0001,1.6576155424118042,62.74
0.0001,1.5728950500488281,62.74
0.0001,1.4931720495224,62.74
0.0001,1.4121317863464355,62.74
0.0001,1.469334363937378,62.74
0.0001,1.7214123010635376,62.74
0.0001,1.3868415355682373,62.74
0.0001,2.08949875831604,62.74
0.0001,1.180055856704712,62.74
0.0001,1.5204006433486938,62.74
0.0001,1.1919115781784058,62.74
0.0001,1.416776180267334,62.74
0.0001,1.279828667640686,62.74
0.0001,1.585268497467041,62.74
0.0001,1.0079315900802612,62.74
0.0001,1.4441088438034058,62.74
0.0001,1.6899080276489258,62.74
0.0001,1.3678193092346191,62.74
0.0001,1.1764419078826904,62.74
0.0001,1.5868767499923706,62.74
0.0001,1.4190247058868408,62.74
0.0001,1.61432945728302,62.74
0.0001,1.6601930856704712,62.74
0.0001,1.4257465600967407,62.74
0.0001,1.6157772541046143,62.74
0.0001,1.547681450843811,62.74
0.0001,1.7604174613952637,62.74
0.0001,1.639992117881775,62.74
0.0001,1.4051024913787842,62.74
0.0001,1.3654459714889526,62.74
0.0001,1.2822108268737793,62.74
0.0001,1.2865798473358154,62.74
0.0001,1.3587497472763062,62.74
0.0001,1.6046446561813354,62.74
0.0001,1.5353106260299683,62.74
0.0001,1.4320616722106934,62.74
0.0001,1.6216248273849487,62.74
0.0001,1.5770046710968018,62.74
0.0001,1.447751760482788,62.74
0.0001,1.6451263427734375,62.74
0.0001,1.560118556022644,62.74
0.0001,1.2565584182739258,62.74
0.0001,1.4719715118408203,62.74
0.0001,1.365739345550537,62.74
0.0001,1.520995855331421,62.74
0.0001,1.3805714845657349,62.74
0.0001,1.063199758529663,62.74
0.0001,1.2365916967391968,62.74
0.0001,1.0928950309753418,62.74
0.0001,1.08889901638031,62.74
0.0001,1.7915244102478027,62.74
0.0001,1.4363478422164917,62.74
0.0001,1.9602144956588745,62.74
0.0001,1.6913344860076904,62.74
0.0001,1.2454496622085571,62.74
0.0001,1.3914399147033691,62.74
0.0001,1.2435123920440674,62.74
0.0001,1.4131786823272705,62.74
0.0001,1.702245831489563,62.74
0.0001,1.2913463115692139,62.74
0.0001,1.1126351356506348,62.74
0.0001,1.5204545259475708,62.74
0.0001,1.5242921113967896,62.74
0.0001,1.0848599672317505,62.74
0.0001,0.8748743534088135,62.74
0.0001,1.1980198621749878,62.74
0.0001,0.9520233273506165,62.74
0.0001,1.8036651611328125,62.74
0.0001,1.1092523336410522,62.74
0.0001,1.5052053928375244,62.74
0.0001,1.8710508346557617,62.74
0.0001,1.221386432647705,62.74
0.0001,1.5179152488708496,62.74
0.0001,1.3650548458099365,62.74
0.0001,1.1732417345046997,62.74
0.0001,1.3566759824752808,62.74
0.0001,1.2565042972564697,62.74
0.0001,1.4273788928985596,62.74
0.0001,1.540877103805542,62.74
0.0001,1.2956793308258057,62.74
0.0001,1.353632926940918,62.74
0.0001,1.1438063383102417,62.74
0.0001,1.6864897012710571,62.74
0.0001,0.9425107836723328,62.74
0.0001,1.2536801099777222,62.74
0.0001,1.5436526536941528,62.74
0.0001,1.0481606721878052,62.74
0.0001,1.203710675239563,62.74
0.0001,1.3482600450515747,62.74
0.0001,1.7102235555648804,62.74
0.0001,1.35541570186615,62.74
0.0001,1.8647273778915405,62.74
0.0001,1.0694631338119507,62.74
0.0001,1.1940410137176514,62.74
0.0001,1.3479620218276978,62.74
0.0001,1.3557301759719849,62.74
0.0001,1.6256682872772217,62.74
0.0001,1.841518759727478,62.74
0.0001,1.7854139804840088,62.74
0.0001,0.8740724921226501,62.74
0.0001,1.1867578029632568,62.74
0.0001,1.5529698133468628,62.74
0.0001,1.4415022134780884,62.74
0.0001,1.665449857711792,62.74
0.0001,1.3415248394012451,62.74
0.0001,1.308220624923706,62.74
0.0001,1.2199294567108154,62.74
0.0001,1.2080632448196411,62.74
0.0001,1.01961088180542,62.74
0.0001,1.1681195497512817,62.74
0.0001,1.1964939832687378,62.74
0.0001,1.3319185972213745,62.74
0.0001,1.1972342729568481,62.74
0.0001,1.287621259689331,62.74
0.0001,1.3382841348648071,62.74
0.0001,1.2370671033859253,62.74
0.0001,0.9958453178405762,62.74
0.0001,1.336856484413147,62.74
0.0001,1.0700896978378296,62.74
0.0001,1.03218674659729,62.74
0.0001,1.2734440565109253,62.74
0.0001,1.3618695735931396,62.74
0.0001,1.252481460571289,62.74
0.0001,1.2613838911056519,62.74
0.0001,1.2087136507034302,62.74
0.0001,1.277108073234558,62.74
0.0001,0.9940688014030457,62.74
0.0001,1.4722017049789429,62.74
0.0001,1.2241524457931519,62.74
0.0001,1.309053659439087,62.74
0.0001,1.2313557863235474,62.74
0.0001,1.1604652404785156,62.74
0.0001,1.5905876159667969,62.74
0.0001,1.028742790222168,62.74
0.0001,1.1822476387023926,62.74
0.0001,1.293267011642456,62.74
0.0001,1.4890695810317993,62.74
0.0001,1.5046814680099487,62.74
0.0001,1.203364610671997,62.74
0.0001,1.403798222541809,62.74
0.0001,1.544012427330017,62.74
0.0001,1.1023792028427124,62.74
0.0001,1.1146788597106934,62.74
0.0001,1.2682225704193115,62.74
0.0001,1.0170634984970093,62.74
0.0001,0.8787760138511658,62.74
0.0001,1.2522906064987183,62.74
0.0001,1.0728638172149658,62.74
0.0001,1.0386452674865723,62.74
0.0001,1.449884057044983,62.74
0.0001,0.974494218826294,62.74
0.0001,1.3632266521453857,62.74
0.0001,0.9723385572433472,62.74
0.0001,1.5125083923339844,62.74
0.0001,0.8603305816650391,62.74
0.0001,1.1607946157455444,62.74
0.0001,1.4815239906311035,62.74
0.0001,1.347261905670166,62.74
0.0001,1.1711485385894775,62.74
0.0001,1.3756588697433472,62.74
0.0001,1.2380069494247437,62.74
0.0001,1.2986197471618652,62.74
0.0001,1.537122130393982,62.74
0.0001,1.3910962343215942,62.74
0.0001,1.5431337356567383,62.74
0.0001,1.6941291093826294,62.74
0.0001,0.9468393921852112,62.74
0.0001,1.0299358367919922,62.74
0.0001,0.9183508157730103,62.74
0.0001,1.412291407585144,62.74
0.0001,1.2009189128875732,62.74
0.0001,1.1119998693466187,62.74
0.0001,1.2652961015701294,62.74
0.0001,1.392348289489746,62.74
0.0001,1.0671942234039307,62.74
0.0001,1.012128233909607,62.74
0.0001,1.1841410398483276,62.74
0.0001,1.3982293605804443,62.74
0.0001,1.4732105731964111,62.74
0.0001,0.8815524578094482,62.74
0.0001,1.215034008026123,62.74
0.0001,1.367970585823059,62.74
0.0001,1.0870507955551147,62.74
0.0001,1.0545055866241455,62.74
0.0001,1.1571112871170044,62.74
0.0001,0.8076527118682861,62.74
0.0001,1.1503891944885254,62.74
0.0001,1.254926085472107,62.74
0.0001,1.1040056943893433,62.74
0.0001,1.1230374574661255,62.74
0.0001,1.0020880699157715,62.74
0.0001,1.0046424865722656,62.74
0.0001,1.4606596231460571,62.74
0.0001,1.330540418624878,62.74
0.0001,1.393829584121704,62.74
0.0001,1.290784239768982,62.74
0.0001,1.2288055419921875,62.74
0.0001,1.150054693222046,62.74
0.0001,1.3554999828338623,62.74
0.0001,1.0879799127578735,62.74
0.0001,1.440979242324829,62.74
0.0001,1.0870579481124878,62.74
0.0001,1.3270992040634155,62.74
0.0001,1.4217298030853271,62.74
0.0001,1.3415849208831787,62.74
0.0001,1.334259033203125,62.74
0.0001,1.1100080013275146,62.74
0.0001,1.0789530277252197,62.74
0.0001,0.8824568390846252,62.74
0.0001,1.210671067237854,62.74
0.0001,1.1816624402999878,62.74
0.0001,1.0733301639556885,62.74
0.0001,0.9037403464317322,62.74
0.0001,0.9994699358940125,62.74
0.0001,1.1978927850723267,62.74
0.0001,0.9913286566734314,62.74
0.0001,1.2571766376495361,62.74
0.0001,1.0265876054763794,62.74
0.0001,1.0411158800125122,62.74
0.0001,1.4593425989151,62.74
0.0001,0.901372492313385,62.74
0.0001,1.1025222539901733,62.74
0.0001,0.9634903073310852,62.74
0.0001,0.9330438375473022,62.74
0.0001,1.3781887292861938,62.74
0.0001,0.7898688912391663,62.74
0.0001,1.3226406574249268,62.74
0.0001,1.2587926387786865,62.74
0.0001,1.02517831325531,62.74
0.0001,1.032728672027588,62.74
0.0001,0.8896743655204773,62.74
0.0001,1.2167757749557495,62.74
0.0001,1.28583562374115,62.74
0.0001,0.9133045673370361,62.74
0.0001,1.4927809238433838,62.74
0.0001,1.1875629425048828,62.74
0.0001,1.0315814018249512,62.74
0.0001,1.1409053802490234,62.74
0.0001,1.264190912246704,62.74
0.0001,1.050673484802246,62.74
0.0001,1.335668683052063,62.74
0.0001,1.3685120344161987,62.74
0.0001,0.9452904462814331,62.74
0.0001,0.9760075807571411,62.74
0.0001,1.4000678062438965,62.74
0.0001,1.1085162162780762,62.74
0.0001,0.8150389790534973,62.74
0.0001,1.1282274723052979,62.74
0.0001,1.0228477716445923,62.74
0.0001,1.054274559020996,62.74
0.0001,0.9004964232444763,62.74
0.0001,1.083678126335144,62.74
0.0001,1.2094135284423828,62.74
0.0001,1.2788525819778442,62.74
0.0001,1.1378674507141113,62.74
0.0001,0.9197136163711548,62.74
0.0001,0.8826567530632019,62.74
0.0001,0.8805857300758362,62.74
0.0001,0.941743791103363,62.74
0.0001,1.000609278678894,62.74
0.0001,1.248087763786316,62.74
0.0001,0.9508783221244812,62.74
0.0001,1.0303525924682617,62.74
0.0001,0.8044201731681824,62.74
0.0001,1.090175986289978,62.74
0.0001,1.759547472000122,62.74
0.0001,1.2013927698135376,62.74
0.0001,0.8983676433563232,62.74
0.0001,0.8442707061767578,62.74
0.0001,0.9472546577453613,62.74
0.0001,1.0944772958755493,62.74
0.0001,1.14449143409729,62.74
0.0001,0.9301002025604248,62.74
0.0001,1.0375876426696777,62.74
0.0001,0.969643771648407,62.74
0.0001,0.8955360054969788,62.74
0.0001,1.1859866380691528,62.74
0.0001,1.278215765953064,62.74
0.0001,0.9704031348228455,62.74
0.0001,1.4326355457305908,62.74
0.0001,1.1914645433425903,62.74
0.0001,1.4215211868286133,62.74
0.0001,0.8367849588394165,62.74
0.0001,1.1154983043670654,62.74
0.0001,1.0607995986938477,62.74
0.0001,1.0989964008331299,62.74
0.0001,0.9215667843818665,62.74
0.0001,0.890616238117218,62.74
0.0001,0.8932431936264038,62.74
0.0001,1.0752172470092773,62.74
0.0001,0.8787555694580078,62.74
0.0001,1.28872811794281,62.74
0.0001,0.9649849534034729,62.74
0.0001,0.7935730218887329,62.74
0.0001,1.1575275659561157,62.74
0.0001,0.8299183249473572,62.74
0.0001,1.0088367462158203,62.74
0.0001,0.8656582832336426,62.74
0.0001,1.0879238843917847,62.74
0.0001,1.3146088123321533,62.74
0.0001,1.0949870347976685,62.74
0.0001,1.1384333372116089,62.74
0.0001,1.1192963123321533,62.74
0.0001,1.0210680961608887,62.74
0.0001,0.9655094146728516,62.74
0.0001,1.2265530824661255,62.74
0.0001,1.0184022188186646,62.74
0.0001,0.8095059394836426,62.74
0.0001,1.0831537246704102,62.74
0.0001,0.8275038599967957,62.74
0.0001,1.0288423299789429,62.74
0.0001,1.1714369058609009,62.74
0.0001,0.9399973750114441,62.74
0.0001,0.8873594403266907,62.74
0.0001,0.7980229258537292,62.74
0.0001,0.8507515788078308,62.74
0.0001,1.0624656677246094,62.74
0.0001,0.970754086971283,62.74
0.0001,0.9509920477867126,62.74
0.0001,0.7534677386283875,62.74
0.0001,0.9420682787895203,62.74
0.0001,0.8750013113021851,62.74
0.0001,1.2293171882629395,62.74
0.0001,1.0450068712234497,62.74
0.0001,0.9913197755813599,62.74
0.0001,0.9820098876953125,62.74
0.0001,0.9088811278343201,62.74
0.0001,0.8768152594566345,62.74
0.0001,1.0802816152572632,62.74
0.0001,0.9228736162185669,62.74
0.0001,1.0514062643051147,62.74
0.0001,0.9322869777679443,62.74
0.0001,1.016420841217041,62.74
0.0001,0.9513529539108276,62.74
0.0001,0.7351839542388916,62.74
0.0001,1.2032305002212524,62.74
0.0001,0.7116121649742126,62.74
0.0001,0.8923481106758118,62.74
0.0001,0.8189346790313721,62.74
0.0001,0.7626063823699951,62.74
0.0001,1.2009519338607788,62.74
0.0001,1.0516902208328247,62.74
0.0001,1.23659086227417,62.74
0.0001,1.0794965028762817,62.74
0.0001,0.7381885647773743,62.74
0.0001,0.862955629825592,62.74
0.0001,0.8986462354660034,62.74
0.0001,0.9275779128074646,62.74
0.0001,1.0820050239562988,62.74
0.0001,0.8570783734321594,62.74
0.0001,0.8142036199569702,62.74
0.0001,1.0067850351333618,62.74
0.0001,1.1168086528778076,62.74
0.0001,1.1090251207351685,62.74
0.0001,0.8660943508148193,62.74
0.0001,0.6448262333869934,62.74
0.0001,0.7643629908561707,62.74
0.0001,0.8029747605323792,62.74
0.0001,1.0777572393417358,62.74
0.0001,0.7905876040458679,62.74
0.0001,0.755846381187439,62.74
0.0001,0.7651615738868713,62.74
0.0001,1.2203471660614014,62.74
0.0001,0.6813704967498779,62.74
0.0001,0.9018998146057129,62.74
0.0001,1.0816103219985962,62.74
0.0001,0.8421568274497986,62.74
0.0001,0.8832879662513733,62.74
0.0001,1.1691476106643677,62.74
0.0001,0.8363602161407471,62.74
0.0001,0.742495059967041,62.74
0.0001,1.0580379962921143,62.74
0.0001,1.042657494544983,62.74
0.0001,1.0795257091522217,62.74
0.0001,0.9063299298286438,62.74
0.0001,1.3924390077590942,62.74
0.0001,0.9327234625816345,62.74
0.0001,1.1553479433059692,62.74
0.0001,1.0009247064590454,62.74
0.0001,0.8412089347839355,62.74
0.0001,0.723919153213501,62.74
0.0001,1.0216087102890015,62.74
0.0001,0.6226822137832642,62.74
0.0001,0.8499453663825989,62.74
0.0001,0.6686899662017822,62.74
0.0001,0.6703497767448425,62.74
0.0001,0.9101280570030212,62.74
0.0001,0.9597485065460205,62.74
0.0001,0.7503023743629456,62.74
0.0001,0.8881041407585144,62.74
0.0001,0.8064344525337219,62.74
0.0001,1.2562953233718872,62.74
0.0001,0.6126242280006409,62.74
0.0001,0.8339085578918457,62.74
0.0001,0.8934730291366577,62.74
0.0001,1.0205893516540527,62.74
0.0001,0.9863806366920471,62.74
0.0001,0.671055018901825,62.74
0.0001,1.0189359188079834,62.74
0.0001,0.8902743458747864,62.74
0.0001,0.6793866753578186,62.74
0.0001,1.0735441446304321,62.74
0.0001,0.9190888404846191,62.74
0.0001,0.9602426290512085,62.74
0.0001,1.0655128955841064,62.74
0.0001,0.8030553460121155,62.74
0.0001,1.272916316986084,62.74
0.0001,1.2160089015960693,62.74
0.0001,0.7489386200904846,62.74
0.0001,0.7959234714508057,62.74
0.0001,1.1665408611297607,62.74
0.0001,0.8668692111968994,62.74
0.0001,0.7760071754455566,62.74
0.0001,1.1296272277832031,62.74
0.0001,1.1137198209762573,62.74
0.0001,0.9657770991325378,62.74
0.0001,0.9439697265625,62.74
0.0001,0.7664795517921448,62.74
0.0001,0.847393274307251,62.74
0.0001,1.0009816884994507,62.74
0.0001,0.9997721314430237,62.74
0.0001,0.8243896961212158,62.74
0.0001,0.9301006197929382,62.74
0.0001,1.0460447072982788,62.74
0.0001,0.81233149766922,62.74
0.0001,0.9187118411064148,62.74
0.0001,0.7014965415000916,62.74
0.0001,0.9056609272956848,62.74
0.0001,0.8736326098442078,62.74
0.0001,0.9085378050804138,62.74
0.0001,0.8952236175537109,62.74
0.0001,1.0604584217071533,62.74
0.0001,0.8778089284896851,62.74
0.0001,0.6617268919944763,62.74
0.0001,0.9369502663612366,62.74
0.0001,0.6658455729484558,62.74
0.0001,0.7988296747207642,62.74
0.0001,0.6266099810600281,62.74
0.0001,0.6599594950675964,62.74
0.0001,1.0261150598526,62.74
0.0001,0.8425237536430359,62.74
0.0001,1.1133497953414917,62.74
0.0001,0.9153113961219788,62.74
0.0001,0.8133363723754883,62.74
0.0001,0.7447627186775208,62.74
0.0001,0.7682370543479919,62.74
0.0001,0.4927150011062622,62.74
0.0001,0.7308500409126282,62.74
0.0001,0.6678818464279175,62.74
0.0001,0.8405161499977112,62.74
0.0001,0.8360207080841064,62.74
0.0001,0.8500694036483765,62.74
0.0001,0.8529492020606995,62.74
0.0001,1.0092546939849854,62.74
0.0001,0.8280106782913208,62.74
0.0001,0.7720869183540344,62.74
0.0001,0.6554347276687622,62.74
0.0001,0.7235588431358337,62.74
0.0001,1.0480796098709106,62.74
0.0001,0.885092556476593,62.74
0.0001,0.8934556841850281,62.74
0.0001,0.8795515894889832,62.74
0.0001,0.6252782344818115,62.74
0.0001,1.1592590808868408,62.74
0.0001,0.6640517711639404,62.74
0.0001,0.6348205804824829,62.74
0.0001,0.8482112288475037,62.74
0.0001,0.8491127490997314,62.74
0.0001,0.7710981965065002,62.74
0.0001,0.8201628923416138,62.74
0.0001,0.6280520558357239,62.74
0.0001,0.928117036819458,62.74
0.0001,0.6729872822761536,62.74
0.0001,0.843993604183197,62.74
0.0001,0.8312925100326538,62.74
0.0001,0.5542669892311096,62.74
0.0001,0.9128967523574829,62.74
0.0001,0.7320913672447205,62.74
0.0001,0.8229285478591919,62.74
0.0001,0.6412022113800049,62.74
0.0001,0.8379831314086914,62.74
0.0001,0.5540292263031006,62.74
0.0001,0.9775921702384949,62.74
0.0001,0.8954112529754639,62.74
0.0001,1.0871860980987549,62.74
0.0001,0.681524395942688,62.74
0.0001,0.7525928020477295,62.74
0.0001,1.0466512441635132,62.74
0.0001,0.8535186648368835,62.74
0.0001,0.8059926629066467,62.74
0.0001,0.49021098017692566,62.74
0.0001,0.7364219427108765,62.74
0.0001,0.5202610492706299,62.74
0.0001,0.601826012134552,62.74
0.0001,0.9047878980636597,62.74
0.0001,1.2023942470550537,62.74
0.0001,0.5860887169837952,62.74
0.0001,0.6082374453544617,62.74
0.0001,0.9891553521156311,62.74
0.0001,0.6916574835777283,62.74
0.0001,0.9419903755187988,62.74
0.0001,0.8461446166038513,62.74
0.0001,0.7721492052078247,62.74
0.0001,1.0803477764129639,62.74
0.0001,0.606971800327301,62.74
0.0001,0.6766589283943176,62.74
0.0001,0.8767255544662476,62.74
0.0001,0.8559703826904297,62.74
0.0001,0.8326046466827393,62.74
0.0001,0.6322460174560547,62.74
0.0001,0.9374563694000244,62.74
0.0001,0.9285813570022583,62.74
0.0001,0.6241219639778137,62.74
0.0001,0.6924514174461365,62.74
0.0001,0.7950000166893005,62.74
0.0001,1.1467047929763794,62.74
0.0001,1.0130071640014648,62.74
0.0001,0.6599854826927185,62.74
0.0001,0.7106210589408875,62.74
0.0001,0.7594435214996338,62.74
0.0001,0.7090272307395935,62.74
0.0001,0.6766582131385803,62.74
0.0001,0.7646497488021851,62.74
0.0001,1.123085856437683,62.74
0.0001,0.6227994561195374,62.74
0.0001,0.5461724996566772,62.74
0.0001,0.734280526638031,62.74
0.0001,0.7379235029220581,62.74
0.0001,0.696431577205658,62.74
0.0001,0.8263128399848938,62.74
0.0001,0.5544249415397644,62.74
0.0001,0.8122208118438721,62.74
0.0001,0.8030256032943726,62.74
0.0001,0.5929867625236511,62.74
0.0001,0.7151474952697754,62.74
0.0001,0.8248404860496521,62.74
0.0001,0.5943053960800171,62.74
0.0001,0.998562216758728,62.74
0.0001,0.6693130135536194,62.74
0.0001,0.7727715969085693,62.74
0.0001,0.5165980458259583,62.74
0.0001,0.5938396453857422,62.74
0.0001,0.8655310869216919,62.74
0.0001,0.9846166968345642,62.74
0.0001,0.8222517967224121,62.74
0.0001,0.6466817855834961,62.74
0.0001,0.7772360444068909,62.74
0.0001,0.9787370562553406,62.74
0.0001,0.7267686724662781,62.74
0.0001,0.9656438231468201,62.74
0.0001,0.8000234365463257,62.74
0.0001,0.8440551161766052,62.74
0.0001,0.7972790598869324,62.74
0.0001,0.7809891700744629,62.74
0.0001,0.5272951126098633,62.74
0.0001,0.8454792499542236,62.74
0.0001,0.5249131917953491,62.74
0.0001,0.8332571983337402,62.74
0.0001,0.8133553862571716,62.74
0.0001,0.48762044310569763,62.74
0.0001,0.7556656002998352,62.74
0.0001,0.4989011585712433,62.74
0.0001,1.2387865781784058,62.74
0.0001,0.57403165102005,62.74
0.0001,0.6852006316184998,62.74
0.0001,0.6895202398300171,62.74
0.0001,0.942466139793396,62.74
0.0001,0.6386065483093262,62.74
0.0001,0.6997897028923035,62.74
0.0001,0.7790859341621399,62.74
0.0001,0.6934323906898499,62.74
0.0001,0.6948966979980469,62.74
0.0001,0.5108518004417419,62.74
0.0001,0.6828337907791138,62.74
0.0001,0.6878141760826111,62.74
0.0001,0.5287972092628479,62.74
0.0001,0.9140649437904358,62.74
0.0001,0.7576926946640015,62.74
0.0001,0.8947758078575134,62.74
0.0001,0.7560198307037354,62.74
0.0001,0.7521989345550537,62.74
0.0001,0.7975083589553833,62.74
0.0001,0.4783681631088257,62.74
0.0001,0.832180380821228,62.74
0.0001,0.6382514834403992,62.74
0.0001,0.5653125047683716,62.74
0.0001,0.8250108361244202,62.74
0.0001,0.9920953512191772,62.74
0.0001,0.48942801356315613,62.74
0.0001,0.5747016668319702,62.74
0.0001,0.5782378911972046,62.74
0.0001,0.7578386664390564,62.74
0.0001,0.6277345418930054,62.74
0.0001,0.7031249403953552,62.74
0.0001,0.607391357421875,62.74
0.0001,0.6702120900154114,62.74
0.0001,0.5264804363250732,62.74
0.0001,0.6428825855255127,62.74
0.0001,0.6705883741378784,62.74
0.0001,0.6618956327438354,62.74
0.0001,0.4235318899154663,62.74
0.0001,0.4849713146686554,62.74
0.0001,0.5546443462371826,62.74
0.0001,0.9337188601493835,62.74
0.0001,0.6705066561698914,62.74
0.0001,0.6326077580451965,62.74
0.0001,0.5495150089263916,62.74
0.0001,0.5761416554450989,62.74
0.0001,0.6129461526870728,62.74
0.0001,0.8671437501907349,62.74
0.0001,0.3966057598590851,62.74
0.0001,0.7805655002593994,62.74
0.0001,0.7188358306884766,62.74
0.0001,0.7983635067939758,62.74
0.0001,0.6806339025497437,62.74
0.0001,0.7455263137817383,62.74
0.0001,0.673533022403717,62.74
0.0001,0.7392064929008484,62.74
0.0001,0.9922695755958557,62.74
0.0001,0.7876818180084229,62.74
0.0001,0.6350505352020264,62.74
0.0001,0.8857913017272949,62.74
0.0001,0.4965168833732605,62.74
0.0001,0.6651734113693237,62.74
0.0001,0.945828378200531,62.74
0.0001,0.7367097735404968,62.74
0.0001,0.6370651721954346,62.74
0.0001,0.752815306186676,62.74
0.0001,0.5637463331222534,62.74
0.0001,0.9680971503257751,62.74
0.0001,0.6956628561019897,62.74
0.0001,0.7178743481636047,62.74
0.0001,0.9848818778991699,62.74
0.0001,0.6512629389762878,62.74
0.0001,0.5264711976051331,62.74
0.0001,0.48041605949401855,62.74
0.0001,0.9143407940864563,62.74
0.0001,0.6288710236549377,62.74
0.0001,0.5117912888526917,62.74
0.0001,1.0590953826904297,62.74
0.0001,0.5356408953666687,62.74
0.0001,0.5255071520805359,62.74
0.0001,0.38144174218177795,62.74
0.0001,0.5985620021820068,62.74
0.0001,0.5354709625244141,62.74
0.0001,0.4770548939704895,62.74
0.0001,0.5302482843399048,62.74
0.0001,0.6332398056983948,62.74
0.0001,0.3820432424545288,62.74
0.0001,0.6054297089576721,62.74
0.0001,0.5273435115814209,62.74
0.0001,0.7776898145675659,62.74
0.0001,0.8309369683265686,62.74
0.0001,0.5374866127967834,62.74
0.0001,0.8966512084007263,62.74
0.0001,0.5393180251121521,62.74
0.0001,0.43601563572883606,62.74
0.0001,0.8933072686195374,62.74
0.0001,0.430291086435318,62.74
0.0001,0.536237359046936,62.74
0.0001,0.7924008965492249,62.74
0.0001,0.5715348720550537,62.74
0.0001,0.6534053087234497,62.74
0.0001,0.6354599595069885,62.74
0.0001,0.731901228427887,62.74
0.0001,0.5030308365821838,62.74
0.0001,0.9762887358665466,62.74
0.0001,0.8078217506408691,62.74
0.0001,0.3410872519016266,62.74
0.0001,0.531410276889801,62.74
0.0001,0.9273562431335449,62.74
0.0001,0.5844958424568176,62.74
0.0001,0.7410259246826172,62.74
0.0001,0.7856991291046143,62.74
0.0001,0.42959579825401306,62.74
0.0001,0.7242836952209473,62.74
0.0001,0.5751169323921204,62.74
0.0001,0.6054326891899109,62.74
0.0001,0.5106964707374573,62.74
0.0001,0.6434083580970764,62.74
0.0001,0.7063718438148499,62.74
0.0001,0.542444109916687,62.74
0.0001,0.6061597466468811,62.74
0.0001,0.5614581108093262,62.74
0.0001,0.5115057826042175,62.74
0.0001,0.7016139030456543,62.74
0.0001,0.6577464938163757,62.74
0.0001,0.7923069596290588,62.74
0.0001,0.6964927911758423,62.74
0.0001,0.5462724566459656,62.74
0.0001,0.41182681918144226,62.74
0.0001,0.7591469287872314,62.74
0.0001,0.7967664003372192,62.74
0.0001,0.7548770904541016,62.74
0.0001,0.5396673679351807,62.74
0.0001,0.37780389189720154,62.74
0.0001,0.7460684180259705,62.74
0.0001,0.4323258399963379,62.74
0.0001,0.5905441045761108,62.74
0.0001,0.5386917591094971,62.74
0.0001,0.6160404086112976,62.74
0.0001,0.6793237328529358,62.74
0.0001,0.355718731880188,62.74
0.0001,0.5406939387321472,62.74
0.0001,1.0532993078231812,62.74
0.0001,0.32548630237579346,62.74
0.0001,0.6674362421035767,62.74
0.0001,0.6098703742027283,62.74
0.0001,0.6449262499809265,62.74
0.0001,0.7996385097503662,62.74
0.0001,0.586090624332428,62.74
